-- phpMyAdmin SQL Dump
-- version 4.1.14
-- http://www.phpmyadmin.net
--
-- Host: 127.0.0.1
-- Generation Time: Sep 06, 2020 at 03:37 PM
-- Server version: 5.6.17
-- PHP Version: 5.5.12

SET SQL_MODE = "NO_AUTO_VALUE_ON_ZERO";
SET time_zone = "+00:00";


/*!40101 SET @OLD_CHARACTER_SET_CLIENT=@@CHARACTER_SET_CLIENT */;
/*!40101 SET @OLD_CHARACTER_SET_RESULTS=@@CHARACTER_SET_RESULTS */;
/*!40101 SET @OLD_COLLATION_CONNECTION=@@COLLATION_CONNECTION */;
/*!40101 SET NAMES utf8 */;

--
-- Database: `pp`
--

-- --------------------------------------------------------

--
-- Table structure for table `document`
--

CREATE TABLE IF NOT EXISTS `document` (
  `id` int(11) NOT NULL AUTO_INCREMENT,
  `source` varchar(255) NOT NULL,
  `titre` varchar(255) NOT NULL,
  `description` varchar(255) NOT NULL,
  PRIMARY KEY (`id`)
) ENGINE=InnoDB  DEFAULT CHARSET=latin1 AUTO_INCREMENT=29 ;

--
-- Dumping data for table `document`
--

INSERT INTO `document` (`id`, `source`, `titre`, `description`) VALUES
(21, 'files/algo/algo.html', 'Introduction a l''algorithmique', ''),
(22, 'files/doc1.html', 'Ecrire une simple page HTML - Apprendre le developpement Web | MDN', 'La plus simple des pages web est simplement un fichier HTML valide.'),
(23, 'files/doc2.html', 'Definition | Intelligence artificielle - IA - AI | Futura Tech', 'Intelligence artificielle (IA, ou AI en anglais pour Artificial Intelligence) consiste a mettre en oeuvre un certain nombre de techniques visant a permettre aux machines d imiter une forme.'),
(24, 'files/doc3.html', 'Trois ans en compagnie de MongoDB (Part 1 - Souffrance)', 'tutoriel sur MongoDB'),
(25, 'files/algo/algo.html', 'Introduction a l''algorithmique', ''),
(26, 'files/doc1.html', 'Ecrire une simple page HTML - Apprendre le developpement Web | MDN', 'La plus simple des pages web est simplement un fichier HTML valide.'),
(27, 'files/doc2.html', 'Definition | Intelligence artificielle - IA - AI | Futura Tech', 'Intelligence artificielle (IA, ou AI en anglais pour Artificial Intelligence) consiste a mettre en oeuvre un certain nombre de techniques visant a permettre aux machines d imiter une forme.'),
(28, 'files/doc3.html', 'Trois ans en compagnie de MongoDB (Part 1 - Souffrance)', 'tutoriel sur MongoDB');

-- --------------------------------------------------------

--
-- Table structure for table `doc_mot`
--

CREATE TABLE IF NOT EXISTS `doc_mot` (
  `doc_id` int(11) NOT NULL,
  `mot_id` int(11) NOT NULL,
  `poids` int(11) NOT NULL
) ENGINE=InnoDB DEFAULT CHARSET=latin1;

--
-- Dumping data for table `doc_mot`
--

INSERT INTO `doc_mot` (`doc_id`, `mot_id`, `poids`) VALUES
(21, 657, 2),
(21, 658, 4),
(21, 659, 25),
(21, 660, 1),
(21, 661, 1),
(21, 662, 5),
(21, 663, 2),
(21, 664, 1),
(21, 665, 2),
(21, 666, 1),
(21, 667, 1),
(21, 668, 7),
(21, 669, 1),
(21, 670, 3),
(21, 671, 3),
(21, 672, 1),
(21, 673, 1),
(21, 674, 1),
(21, 675, 1),
(21, 676, 1),
(21, 677, 9),
(21, 678, 1),
(21, 679, 1),
(21, 680, 2),
(21, 681, 2),
(21, 682, 1),
(21, 683, 1),
(21, 684, 1),
(21, 685, 1),
(21, 686, 1),
(21, 687, 2),
(21, 688, 1),
(21, 689, 2),
(21, 690, 2),
(21, 691, 1),
(21, 692, 5),
(21, 693, 1),
(21, 694, 3),
(21, 695, 1),
(21, 696, 2),
(21, 697, 3),
(21, 698, 1),
(21, 699, 1),
(21, 700, 2),
(21, 701, 3),
(21, 702, 1),
(21, 703, 1),
(21, 704, 2),
(21, 705, 1),
(21, 706, 1),
(21, 707, 1),
(21, 708, 1),
(21, 709, 1),
(21, 710, 1),
(21, 711, 1),
(21, 712, 1),
(21, 713, 1),
(21, 714, 1),
(21, 715, 2),
(21, 716, 1),
(21, 717, 2),
(21, 718, 1),
(21, 719, 1),
(21, 720, 1),
(21, 721, 1),
(21, 722, 1),
(21, 723, 1),
(21, 724, 1),
(21, 725, 1),
(21, 726, 1),
(21, 727, 1),
(21, 728, 1),
(21, 729, 1),
(21, 730, 1),
(21, 731, 1),
(21, 732, 1),
(21, 733, 1),
(21, 734, 1),
(21, 735, 1),
(21, 736, 1),
(21, 737, 1),
(21, 738, 1),
(21, 739, 4),
(21, 740, 1),
(21, 741, 1),
(21, 742, 1),
(21, 743, 1),
(21, 744, 1),
(21, 745, 1),
(21, 746, 1),
(21, 747, 1),
(21, 748, 1),
(21, 749, 1),
(21, 750, 1),
(21, 751, 1),
(21, 752, 1),
(21, 753, 1),
(21, 754, 1),
(21, 755, 1),
(21, 756, 1),
(21, 757, 1),
(21, 758, 1),
(21, 759, 1),
(21, 760, 2),
(21, 761, 1),
(21, 762, 1),
(21, 763, 1),
(21, 764, 1),
(21, 765, 1),
(21, 766, 1),
(21, 767, 1),
(21, 768, 1),
(21, 769, 1),
(21, 770, 1),
(21, 771, 2),
(21, 772, 1),
(21, 773, 1),
(21, 774, 1),
(21, 775, 1),
(21, 776, 1),
(21, 777, 1),
(21, 778, 1),
(21, 779, 1),
(21, 780, 9),
(21, 781, 1),
(21, 782, 1),
(21, 783, 1),
(21, 784, 1),
(21, 785, 1),
(21, 786, 1),
(21, 787, 1),
(21, 788, 1),
(21, 789, 1),
(21, 790, 1),
(21, 791, 1),
(21, 792, 1),
(21, 793, 1),
(21, 794, 1),
(21, 795, 1),
(21, 796, 1),
(21, 797, 1),
(21, 798, 1),
(21, 799, 1),
(21, 800, 1),
(21, 801, 1),
(21, 802, 1),
(21, 803, 1),
(21, 804, 1),
(21, 805, 1),
(21, 806, 1),
(21, 807, 1),
(21, 808, 1),
(21, 809, 1),
(21, 810, 1),
(21, 811, 1),
(21, 812, 1),
(21, 813, 2),
(21, 814, 1),
(21, 815, 1),
(21, 816, 1),
(21, 817, 1),
(21, 818, 1),
(21, 819, 2),
(21, 820, 1),
(21, 821, 1),
(21, 822, 1),
(21, 823, 1),
(21, 824, 1),
(21, 825, 1),
(21, 826, 1),
(21, 827, 1),
(21, 828, 1),
(22, 829, 1),
(22, 830, 1),
(22, 831, 1),
(22, 832, 1),
(22, 833, 1),
(22, 834, 1),
(22, 835, 2),
(22, 836, 1),
(22, 837, 1),
(22, 838, 3),
(22, 839, 1),
(22, 840, 2),
(22, 760, 2),
(22, 841, 2),
(22, 780, 2),
(22, 842, 2),
(22, 843, 2),
(23, 844, 2),
(23, 845, 2),
(23, 846, 2),
(23, 847, 2),
(24, 848, 1),
(24, 849, 1),
(24, 850, 1),
(24, 851, 1),
(24, 852, 1),
(24, 853, 1),
(24, 854, 2),
(24, 855, 1),
(24, 856, 1),
(24, 857, 1),
(24, 858, 2),
(24, 859, 1),
(24, 860, 1),
(24, 861, 1),
(24, 862, 1),
(24, 863, 14),
(24, 864, 1),
(24, 865, 1),
(24, 866, 3),
(24, 867, 3),
(24, 868, 3),
(24, 869, 3),
(24, 870, 1),
(24, 871, 1),
(24, 872, 1),
(24, 873, 1),
(24, 874, 2),
(24, 875, 2),
(24, 876, 4),
(24, 877, 1),
(24, 878, 1),
(24, 879, 2),
(24, 880, 2),
(24, 881, 1),
(24, 882, 1),
(24, 883, 1),
(24, 884, 3),
(24, 885, 1),
(24, 886, 1),
(24, 887, 1),
(24, 888, 1),
(24, 889, 1),
(24, 890, 2),
(24, 891, 2),
(24, 892, 1),
(24, 893, 1),
(24, 894, 2),
(24, 895, 1),
(24, 896, 1),
(24, 897, 1),
(24, 898, 1),
(24, 899, 3),
(24, 900, 1),
(24, 901, 2),
(24, 902, 1),
(24, 903, 2),
(24, 904, 2),
(24, 761, 1),
(24, 905, 1),
(24, 906, 1),
(24, 907, 1),
(24, 908, 1),
(24, 909, 1),
(24, 910, 2),
(24, 911, 1),
(24, 912, 1),
(24, 913, 1),
(24, 914, 1),
(24, 915, 1),
(24, 916, 1),
(24, 917, 1),
(24, 918, 2),
(24, 919, 1),
(24, 920, 1),
(24, 921, 1),
(24, 922, 1),
(24, 923, 1),
(24, 924, 1),
(24, 925, 1),
(24, 926, 1),
(24, 927, 1),
(24, 928, 1),
(24, 929, 1),
(24, 930, 1),
(24, 931, 1),
(24, 932, 1),
(24, 933, 1),
(24, 934, 1),
(24, 935, 1),
(24, 936, 1),
(24, 937, 1),
(24, 938, 1),
(24, 939, 1),
(24, 940, 1),
(24, 941, 1),
(24, 942, 4),
(24, 943, 3),
(24, 944, 1),
(24, 707, 1),
(24, 945, 2),
(24, 946, 1),
(24, 947, 1),
(24, 948, 1),
(24, 949, 1),
(24, 950, 1),
(24, 951, 1),
(24, 952, 1),
(24, 953, 1),
(24, 954, 1),
(24, 955, 2),
(24, 956, 1),
(24, 957, 1),
(24, 958, 1),
(24, 959, 2),
(24, 960, 1),
(24, 961, 1),
(24, 962, 1),
(24, 963, 1),
(24, 698, 1),
(24, 964, 1),
(24, 965, 1),
(24, 966, 1),
(24, 967, 1),
(24, 968, 1),
(24, 969, 1),
(24, 970, 1),
(24, 971, 1),
(24, 972, 1),
(24, 973, 1),
(24, 974, 1),
(24, 975, 1),
(24, 976, 2),
(24, 977, 1),
(24, 978, 1),
(24, 979, 1),
(24, 980, 1),
(24, 981, 1),
(24, 982, 1),
(24, 983, 1),
(24, 984, 1),
(25, 657, 2),
(25, 658, 4),
(25, 659, 25),
(25, 660, 1),
(25, 661, 1),
(25, 662, 5),
(25, 663, 2),
(25, 664, 1),
(25, 665, 2),
(25, 666, 1),
(25, 667, 1),
(25, 668, 7),
(25, 669, 1),
(25, 670, 3),
(25, 671, 3),
(25, 672, 1),
(25, 673, 1),
(25, 674, 1),
(25, 675, 1),
(25, 676, 1),
(25, 677, 9),
(25, 678, 1),
(25, 679, 1),
(25, 680, 2),
(25, 681, 2),
(25, 682, 1),
(25, 683, 1),
(25, 684, 1),
(25, 685, 1),
(25, 686, 1),
(25, 687, 2),
(25, 688, 1),
(25, 689, 2),
(25, 690, 2),
(25, 691, 1),
(25, 692, 5),
(25, 693, 1),
(25, 694, 3),
(25, 695, 1),
(25, 696, 2),
(25, 697, 3),
(25, 698, 1),
(25, 699, 1),
(25, 700, 2),
(25, 701, 3),
(25, 702, 1),
(25, 703, 1),
(25, 704, 2),
(25, 705, 1),
(25, 706, 1),
(25, 707, 1),
(25, 708, 1),
(25, 709, 1),
(25, 710, 1),
(25, 711, 1),
(25, 712, 1),
(25, 713, 1),
(25, 714, 1),
(25, 715, 2),
(25, 716, 1),
(25, 717, 2),
(25, 718, 1),
(25, 719, 1),
(25, 720, 1),
(25, 721, 1),
(25, 722, 1),
(25, 723, 1),
(25, 724, 1),
(25, 725, 1),
(25, 726, 1),
(25, 727, 1),
(25, 728, 1),
(25, 729, 1),
(25, 730, 1),
(25, 731, 1),
(25, 732, 1),
(25, 733, 1),
(25, 734, 1),
(25, 735, 1),
(25, 736, 1),
(25, 737, 1),
(25, 738, 1),
(25, 739, 4),
(25, 740, 1),
(25, 741, 1),
(25, 742, 1),
(25, 743, 1),
(25, 744, 1),
(25, 745, 1),
(25, 746, 1),
(25, 747, 1),
(25, 748, 1),
(25, 749, 1),
(25, 750, 1),
(25, 751, 1),
(25, 752, 1),
(25, 753, 1),
(25, 754, 1),
(25, 755, 1),
(25, 756, 1),
(25, 757, 1),
(25, 758, 1),
(25, 759, 1),
(25, 760, 2),
(25, 761, 1),
(25, 762, 1),
(25, 763, 1),
(25, 764, 1),
(25, 765, 1),
(25, 766, 1),
(25, 767, 1),
(25, 768, 1),
(25, 769, 1),
(25, 770, 1),
(25, 771, 2),
(25, 772, 1),
(25, 773, 1),
(25, 774, 1),
(25, 775, 1),
(25, 776, 1),
(25, 777, 1),
(25, 778, 1),
(25, 779, 1),
(25, 780, 9),
(25, 781, 1),
(25, 782, 1),
(25, 783, 1),
(25, 784, 1),
(25, 785, 1),
(25, 786, 1),
(25, 787, 1),
(25, 788, 1),
(25, 789, 1),
(25, 790, 1),
(25, 791, 1),
(25, 792, 1),
(25, 793, 1),
(25, 794, 1),
(25, 795, 1),
(25, 796, 1),
(25, 797, 1),
(25, 798, 1),
(25, 799, 1),
(25, 800, 1),
(25, 801, 1),
(25, 802, 1),
(25, 803, 1),
(25, 804, 1),
(25, 805, 1),
(25, 806, 1),
(25, 807, 1),
(25, 808, 1),
(25, 809, 1),
(25, 810, 1),
(25, 811, 1),
(25, 812, 1),
(25, 813, 2),
(25, 814, 1),
(25, 815, 1),
(25, 816, 1),
(25, 817, 1),
(25, 818, 1),
(25, 819, 2),
(25, 820, 1),
(25, 821, 1),
(25, 822, 1),
(25, 823, 1),
(25, 824, 1),
(25, 825, 1),
(25, 826, 1),
(25, 827, 1),
(25, 828, 1),
(26, 829, 1),
(26, 830, 1),
(26, 831, 1),
(26, 832, 1),
(26, 833, 1),
(26, 834, 1),
(26, 835, 2),
(26, 836, 1),
(26, 837, 1),
(26, 838, 3),
(26, 839, 1),
(26, 840, 2),
(26, 760, 2),
(26, 841, 2),
(26, 780, 2),
(26, 842, 2),
(26, 843, 2),
(27, 844, 2),
(27, 845, 2),
(27, 846, 2),
(27, 847, 2),
(28, 848, 1),
(28, 849, 1),
(28, 850, 1),
(28, 851, 1),
(28, 852, 1),
(28, 853, 1),
(28, 854, 2),
(28, 855, 1),
(28, 856, 1),
(28, 857, 1),
(28, 858, 2),
(28, 859, 1),
(28, 860, 1),
(28, 861, 1),
(28, 862, 1),
(28, 863, 14),
(28, 864, 1),
(28, 865, 1),
(28, 866, 3),
(28, 867, 3),
(28, 868, 3),
(28, 869, 3),
(28, 870, 1),
(28, 871, 1),
(28, 872, 1),
(28, 873, 1),
(28, 874, 2),
(28, 875, 2),
(28, 876, 4),
(28, 877, 1),
(28, 878, 1),
(28, 879, 2),
(28, 880, 2),
(28, 881, 1),
(28, 882, 1),
(28, 883, 1),
(28, 884, 3),
(28, 885, 1),
(28, 886, 1),
(28, 887, 1),
(28, 888, 1),
(28, 889, 1),
(28, 890, 2),
(28, 891, 2),
(28, 892, 1),
(28, 893, 1),
(28, 894, 2),
(28, 895, 1),
(28, 896, 1),
(28, 897, 1),
(28, 898, 1),
(28, 899, 3),
(28, 900, 1),
(28, 901, 2),
(28, 902, 1),
(28, 903, 2),
(28, 904, 2),
(28, 761, 1),
(28, 905, 1),
(28, 906, 1),
(28, 907, 1),
(28, 908, 1),
(28, 909, 1),
(28, 910, 2),
(28, 911, 1),
(28, 912, 1),
(28, 913, 1),
(28, 914, 1),
(28, 915, 1),
(28, 916, 1),
(28, 917, 1),
(28, 918, 2),
(28, 919, 1),
(28, 920, 1),
(28, 921, 1),
(28, 922, 1),
(28, 923, 1),
(28, 924, 1),
(28, 925, 1),
(28, 926, 1),
(28, 927, 1),
(28, 928, 1),
(28, 929, 1),
(28, 930, 1),
(28, 931, 1),
(28, 932, 1),
(28, 933, 1),
(28, 934, 1),
(28, 935, 1),
(28, 936, 1),
(28, 937, 1),
(28, 938, 1),
(28, 939, 1),
(28, 940, 1),
(28, 941, 1),
(28, 942, 4),
(28, 943, 3),
(28, 944, 1),
(28, 707, 1),
(28, 945, 2),
(28, 946, 1),
(28, 947, 1),
(28, 948, 1),
(28, 949, 1),
(28, 950, 1),
(28, 951, 1),
(28, 952, 1),
(28, 953, 1),
(28, 954, 1),
(28, 955, 2),
(28, 956, 1),
(28, 957, 1),
(28, 958, 1),
(28, 959, 2),
(28, 960, 1),
(28, 961, 1),
(28, 962, 1),
(28, 963, 1),
(28, 698, 1),
(28, 964, 1),
(28, 965, 1),
(28, 966, 1),
(28, 967, 1),
(28, 968, 1),
(28, 969, 1),
(28, 970, 1),
(28, 971, 1),
(28, 972, 1),
(28, 973, 1),
(28, 974, 1),
(28, 975, 1),
(28, 976, 2),
(28, 977, 1),
(28, 978, 1),
(28, 979, 1),
(28, 980, 1),
(28, 981, 1),
(28, 982, 1),
(28, 983, 1),
(28, 984, 1);

-- --------------------------------------------------------

--
-- Table structure for table `mot`
--

CREATE TABLE IF NOT EXISTS `mot` (
  `id` int(11) NOT NULL AUTO_INCREMENT,
  `mot` varchar(255) NOT NULL,
  PRIMARY KEY (`id`)
) ENGINE=InnoDB  DEFAULT CHARSET=latin1 AUTO_INCREMENT=985 ;

--
-- Dumping data for table `mot`
--

INSERT INTO `mot` (`id`, `mot`) VALUES
(657, 'introduction'),
(658, 'algorithmique'),
(659, 'algorithme'),
(660, 'notion'),
(661, 'mise'),
(662, 'programme'),
(663, 'informatique'),
(664, 'étapes'),
(665, 'agit'),
(666, 'fournir'),
(667, 'solution'),
(668, 'problème'),
(669, 'première'),
(670, 'étape'),
(671, 'consiste'),
(672, 'analyser'),
(673, 'cerner'),
(674, 'limites'),
(675, 'mettre'),
(676, 'forme'),
(677, 'langage'),
(678, 'descriptif'),
(679, 'parle'),
(680, 'généralement'),
(681, 'analyse'),
(682, 'décrire'),
(683, 'processus'),
(684, 'formalisé'),
(685, 'description'),
(686, 'utilisé'),
(687, 'écrire'),
(688, 'résultat'),
(689, 'appelé'),
(690, 'suivante'),
(691, 'traduire'),
(692, 'programmation'),
(693, 'spécifique'),
(694, 'phase'),
(695, 'intermédiaire'),
(696, 'humain'),
(697, 'machine'),
(698, 'permet'),
(699, 'intelligible'),
(700, 'opérations'),
(701, 'ordinateur'),
(702, 'effectuer'),
(703, 'étant'),
(704, 'donné'),
(705, 'destiné'),
(706, 'respecter'),
(707, 'syntaxe'),
(708, 'stricte'),
(709, 'aboutir'),
(710, 'programmes'),
(711, 'ensuite'),
(712, 'transformé'),
(713, 'lors'),
(714, 'appelée'),
(715, 'compilation'),
(716, 'réalisée'),
(717, 'même'),
(718, 'grâce'),
(719, 'compilateur'),
(720, 'appelle'),
(721, 'édition'),
(722, 'liens'),
(723, 'lier'),
(724, 'éléments'),
(725, 'externes'),
(726, 'librairies'),
(727, 'référence'),
(728, 'caractéristiques'),
(729, 'moyen'),
(730, 'programmeur'),
(731, 'présenter'),
(732, 'approche'),
(733, 'personnes'),
(734, 'énoncé'),
(735, 'défini'),
(736, 'suite'),
(737, 'permettant'),
(738, 'répondre'),
(739, 'être'),
(740, 'lisible'),
(741, 'compréhensible'),
(742, 'informaticien'),
(743, 'niveau'),
(744, 'traduit'),
(745, 'appel'),
(746, 'notions'),
(747, 'techniques'),
(748, 'relatives'),
(749, 'système'),
(750, 'exploitation'),
(751, 'précis'),
(752, 'élément'),
(753, 'porter'),
(754, 'confusion'),
(755, 'important'),
(756, 'lever'),
(757, 'ambiguïté'),
(758, 'concis'),
(759, 'dépasser'),
(760, 'page'),
(761, 'cas'),
(762, 'faut'),
(763, 'décomposer'),
(764, 'problèmes'),
(765, 'structuré'),
(766, 'composé'),
(767, 'différentes'),
(768, 'parties'),
(769, 'facilement'),
(770, 'identifiables'),
(771, 'discussions'),
(772, 'pertinentes'),
(773, 'trouvées'),
(774, 'forum'),
(775, 'cryptage'),
(776, 'virus'),
(777, 'sécurité'),
(778, 'kaderius'),
(779, 'ppmc'),
(780, 'développement'),
(781, 'legal'),
(782, 'abdelhadi'),
(783, 'mamiemando'),
(784, 'jpeg'),
(785, 'jamel'),
(786, 'cherche'),
(787, 'cours'),
(788, 'exercices'),
(789, 'lolitta'),
(790, 'ford'),
(791, 'mohammed'),
(792, 'resoudre'),
(793, 'imou'),
(794, 'classement'),
(795, 'clarkdevlin'),
(796, 'réecriture'),
(797, 'simplifiée'),
(798, 'framr'),
(799, 'discussion'),
(800, 'fermée'),
(801, 'résolu'),
(802, 'document'),
(803, 'intitulé'),
(804, 'issu'),
(805, 'encyclopédie'),
(806, 'marche'),
(807, 'www'),
(808, 'commentcamarche'),
(809, 'net'),
(810, 'mis'),
(811, 'disposition'),
(812, 'termes'),
(813, 'licence'),
(814, 'creative'),
(815, 'commons'),
(816, 'copier'),
(817, 'modifier'),
(818, 'copies'),
(819, 'conditions'),
(820, 'fixées'),
(821, 'note'),
(822, 'apparaît'),
(823, 'clairement'),
(824, 'propos'),
(825, 'générales'),
(826, 'droits'),
(827, 'réservés'),
(828, 'quidéa'),
(829, 'contenu'),
(830, 'principal'),
(831, 'sã©lectionnez'),
(832, 'langue'),
(833, 'passer'),
(834, 'recherche'),
(835, 'technologies'),
(836, 'â–¼'),
(837, 'aperã'),
(838, 'html'),
(839, 'css'),
(840, 'simple'),
(841, 'apprendre'),
(842, 'web'),
(843, 'mdn'),
(844, 'intelligence'),
(845, 'artificielle'),
(846, 'futura'),
(847, 'tech'),
(848, 'posts'),
(849, 'tags'),
(850, 'more'),
(851, 'toggle'),
(852, 'navigation'),
(853, 'digital'),
(854, 'data'),
(855, 'cloud'),
(856, 'agilite'),
(857, 'front'),
(858, 'end'),
(859, 'back'),
(860, 'devops'),
(861, 'mobile'),
(862, 'weareippon'),
(863, 'mongodb'),
(864, 'nosql'),
(865, 'rex'),
(866, 'ans'),
(867, 'compagnie'),
(868, 'part'),
(869, 'souffrance'),
(870, 'boris'),
(871, 'perevalov'),
(872, 'commentaires'),
(873, 'bout'),
(874, 'chemin'),
(875, 'ensemble'),
(876, 'projet'),
(877, 'travaillã©'),
(878, 'derniã¨res'),
(879, 'annã©es'),
(880, 'ã©tait'),
(881, 'construit'),
(882, 'autour'),
(883, 'ã©voluer'),
(884, 'version'),
(885, 'migrã©'),
(886, 'moment'),
(887, 'dã©part'),
(888, 'globalement'),
(889, 'ã©tais'),
(890, 'heureux'),
(891, 'relations'),
(892, 'hauts'),
(893, 'bas'),
(894, 'article'),
(895, 'confesse'),
(896, 'problã¨mes'),
(897, 'vie'),
(898, 'commune'),
(899, 'comportements'),
(900, 'agaã'),
(901, 'quotidien'),
(902, 'provoquã©'),
(903, 'graves'),
(904, 'crises'),
(905, 'seule'),
(906, 'responsable'),
(907, 'troubles'),
(908, 'pleurer'),
(909, 'amuseront'),
(910, 'ãªtre'),
(911, 'subjectif'),
(912, 'ã©taient'),
(913, 'provoquã©es'),
(914, 'mauvaise'),
(915, 'comprã©hension'),
(916, 'fonctionnement'),
(917, 'documentation'),
(918, 'paraã®t'),
(919, 'nã©gatif'),
(920, 'aime'),
(921, 'qualitã©s'),
(922, 'mã©rite'),
(923, 'apprã©ciã©e'),
(924, 'objectif'),
(925, 'prã©venir'),
(926, 'particularitã©s'),
(927, 'jour'),
(928, 'croisez'),
(929, 'intã©grã©'),
(930, 'arrivã©e'),
(931, 'ã©quipe'),
(932, 'prononce'),
(933, 'pertinence'),
(934, 'choix'),
(935, 'ã©tude'),
(936, 'comparative'),
(937, 'solutions'),
(938, 'disponibles'),
(939, 'rã©pondait'),
(940, 'plutã´t'),
(941, 'besoins'),
(942, 'mongo'),
(943, 'shell'),
(944, 'surprend'),
(945, 'requãªtes'),
(946, 'barbare'),
(947, 'dã©but'),
(948, 'monde'),
(949, 'sql'),
(950, 'habitue'),
(951, 'vite'),
(952, 'goã'),
(953, 'mãªme'),
(954, 'naturel'),
(955, 'interroger'),
(956, 'donnã©es'),
(957, 'format'),
(958, 'bson'),
(959, 'json'),
(960, 'binaire'),
(961, 'composã©es'),
(962, 'objets'),
(963, 'outil'),
(964, 'base'),
(965, 'ligne'),
(966, 'commande'),
(967, 'trã¨s'),
(968, 'pratique'),
(969, 'nã©anmoins'),
(970, 'bizarres'),
(971, 'souffrir'),
(972, 'marquã©'),
(973, 'supporte'),
(974, 'types'),
(975, 'numã©riques'),
(976, 'double'),
(977, 'integer'),
(978, 'long'),
(979, 'decimal'),
(980, 'partir'),
(981, 'lorsqu'),
(982, 'requãªte'),
(983, 'nombre'),
(984, 'interprã©tã©');

/*!40101 SET CHARACTER_SET_CLIENT=@OLD_CHARACTER_SET_CLIENT */;
/*!40101 SET CHARACTER_SET_RESULTS=@OLD_CHARACTER_SET_RESULTS */;
/*!40101 SET COLLATION_CONNECTION=@OLD_COLLATION_CONNECTION */;
